id	path	purpose	status
DIR-0001	.		TODO
DIR-0002	.github/workflows		TODO
DIR-0003	docs		TODO
DIR-0004	docs/history		TODO
DIR-0005	e2e		TODO
DIR-0006	e2e/scenarios		TODO
DIR-0007	e2e/scenarios/fixtures		TODO
DIR-0008	public		TODO
DIR-0009	registry		TODO
DIR-0010	registry/mcp-servers		TODO
DIR-0011	registry/models		TODO
DIR-0012	registry/personas		TODO
DIR-0013	registry/skills/acceptance_check		TODO
DIR-0014	registry/skills/code_analysis		TODO
DIR-0015	registry/skills/file_management		TODO
DIR-0016	registry/skills/git_operations		TODO
DIR-0017	registry/skills/project_memory		TODO
DIR-0018	registry/skills/reasoning		TODO
DIR-0019	registry/skills/task_decomposition		TODO
DIR-0020	registry/skills/web_research		TODO
DIR-0021	registry/tools		TODO
DIR-0022	scripts		TODO
DIR-0023	servers-main		TODO
DIR-0024	servers-main/.github		TODO
DIR-0025	servers-main/.github/workflows		TODO
DIR-0026	servers-main/scripts		TODO
DIR-0027	servers-main/src/everything		TODO
DIR-0028	servers-main/src/everything/__tests__		TODO
DIR-0029	servers-main/src/everything/docs		TODO
DIR-0030	servers-main/src/everything/prompts		TODO
DIR-0031	servers-main/src/everything/resources		TODO
DIR-0032	servers-main/src/everything/server		TODO
DIR-0033	servers-main/src/everything/tools		TODO
DIR-0034	servers-main/src/everything/transports		TODO
DIR-0035	servers-main/src/fetch		TODO
DIR-0036	servers-main/src/fetch/src/mcp_server_fetch		TODO
DIR-0037	servers-main/src/fetch/tests		TODO
DIR-0038	servers-main/src/filesystem		TODO
DIR-0039	servers-main/src/filesystem/__tests__		TODO
DIR-0040	servers-main/src/git		TODO
DIR-0041	servers-main/src/git/src/mcp_server_git		TODO
DIR-0042	servers-main/src/git/tests		TODO
DIR-0043	servers-main/src/memory		TODO
DIR-0044	servers-main/src/memory/__tests__		TODO
DIR-0045	servers-main/src/sequentialthinking		TODO
DIR-0046	servers-main/src/sequentialthinking/__tests__		TODO
DIR-0047	servers-main/src/time		TODO
DIR-0048	servers-main/src/time/src/mcp_server_time		TODO
DIR-0049	servers-main/src/time/test		TODO
DIR-0050	src		TODO
DIR-0051	src/ai		TODO
DIR-0052	src/ai/__tests__		TODO
DIR-0053	src/ai/__tests__/helpers		TODO
DIR-0054	src/ai/agents		TODO
DIR-0055	src/ai/models		TODO
DIR-0056	src/ai/models/providers		TODO
DIR-0057	src/ai/personas		TODO
DIR-0058	src/ai/planning		TODO
DIR-0059	src/ai/registries		TODO
DIR-0060	src/ai/runtime		TODO
DIR-0061	src/ai/schemas		TODO
DIR-0062	src/ai/skills		TODO
DIR-0063	src/ai/tools		TODO
DIR-0064	src/ai/tools/fs		TODO
DIR-0065	src/ai/tools/git		TODO
DIR-0066	src/ai/tools/implementations		TODO
DIR-0067	src/ai/tools/memory		TODO
DIR-0068	src/ai/tools/net		TODO
DIR-0069	src/ai/tools/time		TODO
DIR-0070	src/cli		TODO
DIR-0071	src/cli/__tests__		TODO
DIR-0072	src/cli/commands		TODO
DIR-0073	src/cli/utils		TODO
DIR-0074	src/mcp		TODO
DIR-0075	src/server		TODO
DIR-0076	src/server/__tests__		TODO
DIR-0077	src/server/routes		TODO
DIR-0078	src/test-utils		TODO
