file_id	workflow_id	role
src/server/routes/registry.ts	WF-0001	entry-point-source
src/server/routes/registry.ts	WF-0002	entry-point-source
src/server/routes/registry.ts	WF-0003	entry-point-source
src/server/routes/registry.ts	WF-0004	entry-point-source
src/server/routes/registry.ts	WF-0005	entry-point-source
src/server/routes/registry.ts	WF-0006	entry-point-source
src/server/routes/registry.ts	WF-0007	entry-point-source
src/server/routes/stream.ts	WF-0008	entry-point-source
src/server/routes/sessions.ts	WF-0009	entry-point-source
src/server/routes/sessions.ts	WF-0010	entry-point-source
src/server/routes/sessions.ts	WF-0011	entry-point-source
src/server/routes/sessions.ts	WF-0012	entry-point-source
src/server/routes/usage.ts	WF-0013	entry-point-source
src/server/routes/usage.ts	WF-0014	entry-point-source
src/server/routes/usage.ts	WF-0015	entry-point-source
src/server/routes/run.ts	WF-0016	entry-point-source
src/server/routes/run.ts	WF-0017	entry-point-source
src/server/routes/run.ts	WF-0018	entry-point-source
src/server/routes/plans.ts	WF-0019	entry-point-source
src/server/routes/plans.ts	WF-0020	entry-point-source
src/server/routes/plans.ts	WF-0021	entry-point-source
src/server/routes/plans.ts	WF-0022	entry-point-source
src/server/routes/plans.ts	WF-0023	entry-point-source
src/server/routes/plans.ts	WF-0024	entry-point-source
src/server/routes/preview.ts	WF-0025	entry-point-source
src/server/routes/observability-stream.ts	WF-0026	entry-point-source
src/server.ts	WF-0027	entry-point-source
src/mcp/transports.ts	WF-0028	entry-point-source
src/cli.ts	WF-0029	entry-point-source
src/cli.ts	WF-0030	entry-point-source
src/cli.ts	WF-0031	entry-point-source
src/cli.ts	WF-0032	entry-point-source
src/cli.ts	WF-0033	entry-point-source
src/cli.ts	WF-0034	entry-point-source
src/cli.ts	WF-0035	entry-point-source
src/cli.ts	WF-0036	entry-point-source
src/cli.ts	WF-0037	entry-point-source
src/cli.ts	WF-0038	entry-point-source
src/cli.ts	WF-0039	entry-point-source
src/cli.ts	WF-0040	entry-point-source
src/cli.ts	WF-0041	entry-point-source
src/cli.ts	WF-0042	entry-point-source
src/cli.ts	WF-0043	entry-point-source
src/cli.ts	WF-0044	entry-point-source
src/cli.ts	WF-0045	entry-point-source
src/cli.ts	WF-0046	entry-point-source
src/cli.ts	WF-0047	entry-point-source
src/cli.ts	WF-0048	entry-point-source
src/cli.ts	WF-0049	entry-point-source
src/cli.ts	WF-0050	entry-point-source
src/cli.ts	WF-0051	entry-point-source
src/cli.ts	WF-0052	entry-point-source
src/cli.ts	WF-0053	entry-point-source
src/mcp/server.ts	WF-0054	entry-point-source
src/mcp/server.ts	WF-0055	entry-point-source
src/mcp/server.ts	WF-0056	entry-point-source
src/mcp/server.ts	WF-0057	entry-point-source
src/mcp/server.ts	WF-0058	entry-point-source
src/mcp/server.ts	WF-0059	entry-point-source
src/ai/orchestrator.ts	WF-0060	entry-point-source
src/ai/orchestrator.ts	WF-0061	entry-point-source
src/ai/orchestrator.ts	WF-0062	entry-point-source
src/ai/orchestrator.ts	WF-0063	entry-point-source
src/ai/orchestrator.ts	WF-0064	entry-point-source
src/ai/orchestrator.ts	WF-0065	entry-point-source
